name,address,type
th20::random_step,0x00422CB0,function
th20::RandomState::next,0x004235F0,function
th20::Timer::reset,0x00423F50,function
th20::Timer::set,0x00423F80,function
th20::Timer::set_mode,0x00423FE0,function
th20::ClockScalar::operator float,0x004292E0,function
th20::ClockScalar::operator*,0x00452F50,function
th20::Timer::add,0x004530F0,function
th20::Timer::tick,0x004533B0,function
th20::FunctionChainLink::FunctionChainLink,0x00411970,function
th20::FunctionChainNode::set_callback,0x00412D50,function
th20::FunctionChainNode::set_userdata,0x00412D10,function
th20::FunctionChainNode::set_owned,0x00412D30,function
th20::FunctionChainNode::enable,0x00412D80,function
th20::FunctionChainNode::disable,0x004127F0,function
th20::FunctionChainNode::set_before_insert,0x00412DC0,function
th20::FunctionChainNode::set_shutdown_callback,0x00412DA0,function
th20::FunctionChainNode::clear_callbacks,0x00411B80,function
th20::FunctionChainLink::insert_after,0x00411EE0,function
th20::FunctionChainLink::insert_before,0x00411F30,function
th20::LockRegistry::enable,0x0041CCC0,function
th20::LockRegistry::disable,0x0041CA30,function
th20::DebugMemoryResource::do_is_equal,0x0041C9F0,function
th20::TaskInfo::enable_callbacks,0x004216A0,function
th20::TaskInfo::disable_callbacks,0x00421780,function
th20::TaskInfo::enable,0x00421680,function
th20::TaskInfo::disable,0x00421760,function
th20::TaskInfo::~TaskInfo,0x0041FDF0,function
th20::Worker::Worker,0x0040B780,function
th20::DebugMemoryResource::DebugMemoryResource,0x00418DB0,function
th20::DebugMemoryResource::~DebugMemoryResource,0x00418E90,function
th20::archive_name_sum,0x00456270,function
