id,body_sha256,stage,target_addresses,canonical_units,evidence,notes
60ebadafae0617977d06,a45d4515d576f3390f6118830e12f86d9a3e5be989e74abfc049a9ec272b495f,support-reviewed,,,REF-002; docs/REFERENCE_FUNCTION_REVIEW.md,Reference helper uses memcpy for signed bit interpretation; our C++20 modulo integer conversion replaces it. No standalone target entry is claimed.
3ccf48f44e0f8f9b20a3,306b595a392bebb6bbd9644378382266ea0da49072e12ae3b9afcd008eb55fa9,support-reviewed,,,REF-002; docs/REFERENCE_FUNCTION_REVIEW.md,"Reference SSE helper preserves float-width addition; target Timer updates use scalar ADDSS directly. It is an implementation support helper, not an original standalone function."
08a03c8c984be0199321,f11b82da3a36f8cfe4b2d4d6b1c5581aac0a6199ce3c592522826b09fc15592f,support-reviewed,,,REF-002; docs/REFERENCE_FUNCTION_REVIEW.md,Reference SSE helper implements scalar multiplication; original Timer calls an ECX receiver helper at 0x00452F50. Our ClockScalar member restores that separate ABI.
d1c901bb1c61b13bf94e,64c64bf836dd1ad569cee2282e252fe40c2bb3f450235496caeac7f562edda40,support-reviewed,,,REF-002; docs/REFERENCE_FUNCTION_REVIEW.md,Reference uses CVTSI2SS through a helper; original Timer::set performs the conversion in its body. Maintained source uses the natural integer-to-float conversion.
cff8b5dddb0b9cc01342,9683ebea8fc895fff286dbc2d0ea6baf1dfe515876e3be84ce7f4252d8afe450,support-reviewed,,,REF-002; docs/REFERENCE_FUNCTION_REVIEW.md,Reference explicitly supplies CVTTSS2SI invalid-input behavior; our locked x86 emission has the same instruction. Portable source tests cover representable finite conversion inputs.
bd508483a84fac45a59d,c4ae8235ac65b70a16a31b31ffaabdb5773bed935b36af9d53bcec081b98fc79,library-exact,0x00422CB0,random_step,REF-002; docs/REFERENCE_FUNCTION_REVIEW.md,Complete canonical replay from maintained source; reference free/inline ABI was independently reconstructed as the target member or library transition. Installed MSVC minstd_rand corroborates library origin; no authored progress credit.
9911dd56e4434c13ab75,1f24bcc29954842f329fb45dc64ce7625d9b70dc826965cca54930d111a6f01a,library-exact,0x004235F0,random_next,REF-002; docs/REFERENCE_FUNCTION_REVIEW.md,Complete canonical replay from maintained source; reference free/inline ABI was independently reconstructed as the target member or library transition. Installed MSVC minstd_rand corroborates library origin; no authored progress credit.
b4e37fa9fa445437d5a5,9336379646f6bf0c1ea8f8a9ad588e8ef49f849f64093198c200e0ee158a667c,absorbed-exact,0x00423F50,timer_reset,REF-002; docs/REFERENCE_FUNCTION_REVIEW.md,Complete canonical replay from maintained source; reference free/inline ABI was independently reconstructed as the target member or library transition.
b88caa492bc2d9148a0b,e1109a6fd7c51bc4ddae8af3d008da8fa440b320a4eb7135c90117c0e4ba5109,absorbed-exact,0x00423FE0,timer_mode,REF-002; docs/REFERENCE_FUNCTION_REVIEW.md,Raw mask expression emitted differing registers; a natural two-bit mode-field assignment matches the complete 38-byte target. Shared union views preserve observed flag storage.
3882f0fd1e34076ed78e,65f1381c1e2d823bf6ee5bf55205cfb8e95c6c91ea22a45af044ea3c13225d6f,support-reviewed,,,REF-002; docs/REFERENCE_FUNCTION_REVIEW.md,Reference factors initialization into an inline helper; target has this branch within each Timer entry. Maintained bodies preserve that placement and complete replay.
6f2fecd5560c5df22508,c619dee3ad2cb186b860a56d3fad5087b70307571a4c9f0c3b64bf60b32fea1d,absorbed-exact,0x00423F80,timer_set,REF-002; docs/REFERENCE_FUNCTION_REVIEW.md,"Complete canonical replay from maintained source; reference free/inline ABI was independently reconstructed as the target member or library transition. The reference comment also names the 0x00423520 forwarding entry, whose body and 174 callers were inspected; an exact owner declaration remains a separate follow-up."
e263d5e36c414f72e550,70f7356afb0fc7f649699565636d675191be84a22cb55dfd655f8dcbc22ad1eb,support-reviewed,,,REF-002; docs/REFERENCE_FUNCTION_REVIEW.md,Reference helper supplies strict 0.99/1.01 comparisons; target calls a float receiver twice and compares independently anchored constants. Maintained callers restore this protocol.
30d17b9ed0a3e92ed5d1,cc89ff02b421a7ee760020cbea88dc4436ba39a17e35a9f5e9c29fd7c30df393,absorbed-exact,0x004530F0,timer_add,REF-002; docs/REFERENCE_FUNCTION_REVIEW.md,"Reference explicit rate argument cannot preserve target ABI. Restored global slot selection, conditional mode clearing and original float receiver calls; all 295 bytes and eight relocations pass."
2d232f7c62bfd5e34306,86a2321394de21652bcde4199fc69dfd86a67380c79e7ad6ba2c5577535dc6f6,absorbed-exact,0x004533B0,timer_tick,REF-002; docs/REFERENCE_FUNCTION_REVIEW.md,"Restored original ECX receiver, global clock lookup and float receiver calls. Near-one/null paths retain independent wrapping integer increment; all 324 bytes and ten relocations pass."
f4e83c1101fbbce7bd51,c5f7b9f0dae4cf598bae942ece88c73ab4c2d093d6bf4d6f696ba81a3bc50cd8,support-reviewed,,,REF-002; docs/REFERENCE_FUNCTION_REVIEW.md,"Validation-only exported C adapter, not the original member ABI; no standalone target entry or exact credit. Delegates to the reviewed native-core algorithm."
2f0849ab1276fd5e2ce2,c9a1d29f668c0561b1089513891262a76a63ae8b1c2c959a6e38e08a643389a9,support-reviewed,,,REF-002; docs/REFERENCE_FUNCTION_REVIEW.md,"Validation-only exported C adapter, not the original member ABI; no standalone target entry or exact credit. Delegates to the reviewed native-core algorithm."
210f0731b7caf9004217,5a38f20e9406c525e27ba60cdeb203aa1fffaed888aef271ab34fa59c35f64f3,support-reviewed,,,REF-002; docs/REFERENCE_FUNCTION_REVIEW.md,"Validation-only exported C adapter, not the original member ABI; no standalone target entry or exact credit. Delegates to the reviewed native-core algorithm."
59fe4dcf359b20366610,9007201ae353c0ff87b44255e447c0f7eeaa87485ed0ee38377a448b20e1fceb,support-reviewed,,,REF-002; docs/REFERENCE_FUNCTION_REVIEW.md,"Validation-only exported C adapter, not the original member ABI; no standalone target entry or exact credit. Delegates to the reviewed native-core algorithm."
e54eb5182d1ef679b76a,856a019a07ef11f965f7ffc5cd0a3d0ebf2f64db06749a0707aac2016926d928,support-reviewed,,,REF-002; docs/REFERENCE_FUNCTION_REVIEW.md,"Validation-only exported C adapter, not the original member ABI; no standalone target entry or exact credit. Delegates to the reviewed native-core algorithm."
c4bb35bee4ef06a172c5,13e3841f0e427dec18bdef1c2628ecfac64501ae4ae1a60006112c4ca8d65d37,support-reviewed,,,REF-002; docs/REFERENCE_FUNCTION_REVIEW.md,"Validation-only exported C adapter, not the original member ABI; no standalone target entry or exact credit. Delegates to the reviewed native-core algorithm."
1a9d35ad3061db5aa9c4,13f481da09708e2cae737fe2f48b9d698100101bcb8f79d2bf4bdfc4cd91966d,support-reviewed,,,REF-002; docs/REFERENCE_FUNCTION_REVIEW.md,"Validation-only exported C adapter, not the original member ABI; no standalone target entry or exact credit. Delegates to the reviewed native-core algorithm."
3917438c4399f2019708,15ef3b9fc4ac5ed00ff2b5e0361f0aa7aa1779deb0bd816423c2c2de2b2258b8,support-reviewed,,,REF-002; docs/REFERENCE_FUNCTION_REVIEW.md,"Validation-only exported C adapter, not the original member ABI; no standalone target entry or exact credit. MXCSR controls and bit-payload transport serve CPU validation."
1ef3d50e49ef3e255c03,a0aa84367740381215cc5f07c5924c6faf7aaf7c03b665fffc79f2192782f9fc,support-reviewed,,,REF-002; docs/REFERENCE_FUNCTION_REVIEW.md,"Validation-only exported C adapter, not the original member ABI; no standalone target entry or exact credit. MXCSR controls and bit-payload transport serve CPU validation."
c2890559b1c1b1e5e0ca,add961020f759afd7a4a2784872c4899eae9eb862a476247505ea81297e21c96,support-reviewed,,,REF-002; docs/REFERENCE_FUNCTION_REVIEW.md,"Validation-only exported C adapter, not the original member ABI; no standalone target entry or exact credit. MXCSR controls and bit-payload transport serve CPU validation."
aeb824b3672e2cea214c,2dcf38799d9fb49f30167ddb08c9f3e3844a05c509dbefa980c0fdc9286181a9,absorbed-exact,0x00411970,chain_link_construct,REF-002; docs/REFERENCE_FUNCTION_REVIEW.md,Original ECX receiver constructor; five pointer slots and implicit constructor return replace the reference free initialization ABI. Node constructor and link mutations corroborate node/next/previous/owner/iterator layout.
cbfae71835658f15fbd9,9a38661cb29ad6e71dd3d9c9c00cbcdb2565106617fdbec3e308e4eac09a6ad2,absorbed-exact,0x00412D50,chain_set_callback,REF-002; docs/REFERENCE_FUNCTION_REVIEW.md,Natural receiver field operation; all bytes replay from independently reviewed complete target extent.
a4690c68baa4505d81fe,c49fea1a36fd803dd9aff8658a145f704b6863ba0ebf95798282d9ab54dfb22b,absorbed-exact,0x00412D10,chain_set_userdata,REF-002; docs/REFERENCE_FUNCTION_REVIEW.md,Natural receiver field operation; all bytes replay from independently reviewed complete target extent.
dcd42049249f2f7c3c5e,c1f51c926cb73403c0f0d721bf567577540b5a6758bbff73bb8ec7a7c0428eb4,absorbed-exact,0x00412D30,chain_set_owned,REF-002; docs/REFERENCE_FUNCTION_REVIEW.md,Natural receiver field operation; all bytes replay from independently reviewed complete target extent.
d67a575dd08de61958c6,f321749ce00cafddc4d9f0699fa55629c12047f95ec8431523aaf7a4af898f27,absorbed-exact,0x00412D80,chain_enable,REF-002; docs/REFERENCE_FUNCTION_REVIEW.md,Natural receiver field operation; all bytes replay from independently reviewed complete target extent.
bf26a810fb69d85a4c80,2fa56973b6dfe5a56e11b55e00c223ac8c854db714c8d2ac44c80acb38880f11,absorbed-exact,0x004127F0,chain_disable,REF-002; docs/REFERENCE_FUNCTION_REVIEW.md,Natural receiver field operation; all bytes replay from independently reviewed complete target extent.
ce07ebb1bf5699da4128,b6e569532a239099f2c923c9247393bedc87c6e9864d44b62bd18466e1bf0da9,absorbed-exact,0x00412DC0,chain_set_before_insert,REF-002; docs/REFERENCE_FUNCTION_REVIEW.md,Natural receiver field operation; all bytes replay from independently reviewed complete target extent. The same address also serves equivalent pointer stores in the Link view; this mapping does not claim unique owner identity or duplicate credit.
00b969e4bb8f5e78fe8b,05d128b188388e314181d9388247f02fadd3bfb6c0020199b3f60e5a55b0f2a3,absorbed-exact,0x00412DA0,chain_set_shutdown_callback,REF-002; docs/REFERENCE_FUNCTION_REVIEW.md,Natural receiver field operation; all bytes replay from independently reviewed complete target extent. The same address also serves equivalent pointer stores in the Link view; this mapping does not claim unique owner identity or duplicate credit.
b67559a1943919c0e14a,a655b3d0538423583bbd63398b1776add4accb3105355fef0780c8ffc9d9805c,absorbed-exact,0x00411B80,chain_clear_callbacks,REF-002; docs/REFERENCE_FUNCTION_REVIEW.md,Natural receiver field operation; all bytes replay from independently reviewed complete target extent.
797182cb177adf351493,6faea7beb5c06ac91dbd92b728b37d32c409cce4d35ba7e0e11f2283e0d01a5b,absorbed-exact,0x00411EE0,chain_insert_after,REF-002; docs/REFERENCE_FUNCTION_REVIEW.md,Original ECX receiver and pointer argument restored. Neighbor/owner mutations and null branch individually checked; full 76-byte canonical replay passes.
ce44fa61bf74f9ff3f87,c0c4a86727699217e78c294cd31dfbc39ad8165cfc0a9509e127c596f31f1657,absorbed-exact,0x00411F30,chain_insert_before,REF-002; docs/REFERENCE_FUNCTION_REVIEW.md,Original ECX receiver and pointer argument restored. Neighbor/owner mutations and null branch individually checked; full 76-byte canonical replay passes.
41e643af8c46fface848,9f01c784b90a428fd5196f11617b613b65795d9b4adfd67569fca3ea71366acc,support-reviewed,,,REF-002; docs/REFERENCE_FUNCTION_REVIEW.md,Reference Environment adapter takes a caller-owned recursive_mutex and dispatch flags/depth; original dispatch addresses 0x412810/0x412AA0 use fixed lock owner 0x5C0240 and helpers 0x412550/0x412750. No standalone original member mapping is established.
e06c3fd15cafb2cbc9e2,93de847dbcd961a4ec42eb2c84a06032b1a789edb4c857a8f9d847e709a158f8,support-reviewed,,,REF-002; docs/REFERENCE_FUNCTION_REVIEW.md,Reference unlock adapter decrements its external byte counter and releases caller-owned mutex; original fixed-global locking/depth storage is not represented by this Environment receiver. Integration support only.
068af505dbbc95e38d09,c658a17f42f01f3fc9326804e60e7113c34fa2505cc9d96ef35e775cb3c46b5e,reviewed-nonexact,0x00411A70,,REF-002; docs/REFERENCE_FUNCTION_REVIEW.md,"Free initializer uses Node& and returns it; original is an ECX constructor with FS exception registration, handler 0x5679A0, cookie 0x5B25C0 and member Link construction. Flag-zero emission also differs. Needs actual lifetime/EH ownership before absorption."
5552c8d2c769bc22e147,47918daffdf1364906da35e0dac160fd5658d17f91c4fadf4ac678ae9ffe0286,reviewed-nonexact,0x00418A50,,REF-002; docs/REFERENCE_FUNCTION_REVIEW.md,Original receiver constructor calls base/sentinel entry 0x418A10 then stores tail=this twice; reference invokes free initialize_link and writes tail once. Base initialization and member lifetime require recovery; no inert extra store is introduced.
7c8e8bd0fc2c3f74d0a9,de6b95d8209abd2f2e44d9a46dcf554e9d071c5be0ae112a70965e673011ffaa,reviewed-nonexact,0x00418A80,,REF-002; docs/REFERENCE_FUNCTION_REVIEW.md,"Original receiver constructor calls separate List constructors at offsets 4 and 28; reference free initializer calls initialize_list twice. Scalar layout is corroborated, but the required List/base constructors and receiver ownership remain open."
09e1d7d6e1fcff27e761,c860fc02e26d324a657ec93be414878d4eba0428f5ba73b7de4243d11528e3eb,reviewed-nonexact,0x004127B0;0x00411910,,REF-002; docs/REFERENCE_FUNCTION_REVIEW.md,Reference new Node plus free initialization merges original receiver factory and allocator. Original factory uses global owner 0x5B8894 and source label 0x56C728; allocator constructs 44 bytes through 0x411A70 and includes a null branch. Debug allocation/lifetime ABI is absent in the reference body.
964a78bf40739e646942,a0d29bcf972c0e3338ec959257755aaacb53f8653d12fe1ac215beecc50a5377,reviewed-nonexact,0x004119B0,,REF-002; docs/REFERENCE_FUNCTION_REVIEW.md,"Reference constructor has one stack parameter and initializes next=null; original reads two stack parameters and returns RET 8, with FS handler 0x5674F0 and helper-mediated next/observer stores. Must restore the original constructor signature and lifetime before comparing."
540ea68fd446f9db7a97,58821027f6faeb56a038813cae425a0d2ddb9a384698187334e8df32fbe1b7fa,reviewed-nonexact,0x00411B00,,REF-002; docs/REFERENCE_FUNCTION_REVIEW.md,Reference directly clears observer pointers. Original destructor registers FS handler 0x567750 and calls receiver store helper 0x412DA0 for each live observer. Lifetime/EH and shared accessor contributions are unresolved.
bbffa735bb84d3e8beeb,75ae2198aba6421b56c869ca4a09add6fb85733db76805cbbe576597d5067974,reviewed-nonexact,0x00411C30,,REF-002; docs/REFERENCE_FUNCTION_REVIEW.md,Reference advances through direct field accesses and observer writes; original retains next getter 0x40FF90 and observer setter 0x412DA0 as separate receiver calls. Iterator wrapper/alias ownership must be reconstructed before a canonical member can be accepted.
60521f4eb92ae39bc2c9,8857f5a9c31519e365b48301d383f6656c3863a799ed3040dd9cdad12a04c7cd,reviewed-nonexact,0x00411EA0,,REF-002; docs/REFERENCE_FUNCTION_REVIEW.md,Free append takes List& and Link&; original receiver member calls insert_after then shared owner setter 0x412DC0 and updates tail. Direct reference owner assignment suppresses a required call. List/base ownership and equivalent setter alias remain open.
14c0e9d671c354c63565,36bd4d88249f2634f5d312e077d8f09219c7bb67cb50d693c920399199600d2c,reviewed-nonexact,0x00411D50,,REF-002; docs/REFERENCE_FUNCTION_REVIEW.md,Reference free unlink_raw repairs current/next iterator observers and neighbors using direct stores; original is an ECX receiver and calls shared observer setter 0x412DA0 when repairing the next observer. The observer protocol is corroborated but accessor contribution ownership remains open.
52e7bedd2d0323599055,f6bff761cf75b89bac8b7706dbf526c10f4cec60f361c99e1b37614fcd43e37f,reviewed-nonexact,0x00411CE0;0x00411D20,,REF-002; docs/REFERENCE_FUNCTION_REVIEW.md,"Reference folds owner-tail maintenance and raw unlink into one free function. Original Link::unlink conditionally calls separate List removal entry 0x411D20, which gets previous through 0x412730 then invokes 0x411D50. Recover the separate receiver owners/calls before absorption."
7ddea4ae521b36fb5b4a,cbbf59e656650c1e0acd93d5dda93d089d01d1f695cc0e6dd9e82aa82e1f7c8f,reviewed-nonexact,0x00411E70;0x00411E30,,REF-002; docs/REFERENCE_FUNCTION_REVIEW.md,"Reference sentinel-inclusive loop directly reads value/next; original List wrapper forwards to Link search, which calls value getter 0x40C300 and next getter 0x40FF90. Null-sentinel behavior agrees, but wrapper partition and receiver/accessor ABI differ."
c0faba315dcffa34235b,1b0b68d6d5e630ea699dab19be0cbf3b2c917711e1a7a32ee7a0047d0371db0e,reviewed-nonexact,0x00411F80;0x00412100,,REF-002; docs/REFERENCE_FUNCTION_REVIEW.md,"Reference merges update/draw insertion with an Environment and bool parameter. Original has two ECX members with Node* and priority (RET 8), fixed-global lock guard, handler 0x567B95 and iterator wrapper lifetime. Before-insert callback order and stable priority comparison agree; ABI/EH and distinct owner partition require reconstruction."
49d44010be6217bc98a6,111ca54195cc59cf170d1d99f737bd7321c8e1a016c6c18ccb0de66c59a949e5,reviewed-nonexact,0x00412400,,REF-002; docs/REFERENCE_FUNCTION_REVIEW.md,"Reference takes Environment and deletes a Node under an allocation mutex after clearing callbacks. Original receiver searches both lists, repairs state.current and calls allocator-owner deletion 0x4118A0 via global 0x5B8894. Deletion/lock/lifetime protocol is not the same emitted owner; no exact acceptance."
ec11cb7708d88c88cb96,305927ac09b01c73ec1a1f81f72e6852e3b6809251599b4afa14da1b7c392f96,reviewed-nonexact,0x004124B0,,REF-002; docs/REFERENCE_FUNCTION_REVIEW.md,"Reference free wrapper takes State&, Environment&, Node*. Original receiver returns RET 4, acquires fixed lock through 0x40C310/0x40B730 and releases via 0x40B900 with FS handler 0x56762D. Explicit environment and STL mutex replacement are incompatible with direct absorption."
af768017e8daa6d90df0,e0a5bf059013fc4351677692af4e6c7a220e119e3adcafae82d20f09bc988e50,support-reviewed,,,REF-002; docs/REFERENCE_FUNCTION_REVIEW.md,"Reference convenience composition creates/configures/inserts a callback using explicit State, Environment, draw and enabled arguments. No single original entry is claimed. Individual component implementations, rather than this new API, supply native mappings."
6a86f794c7d1ae709de4,811a0525475d44330dab0d218d8eb63a410a13ead5a1ccef29a1ca91ea746c13,support-reviewed,,,REF-002; docs/REFERENCE_FUNCTION_REVIEW.md,memcpy-based unsigned-to-signed count interpretation is an internal reference portability helper. Original dispatch returns the count register/local directly; no standalone original entry is established.
eda70a30e55ace5b559a,e8aa1f0e8ab37ac29195afa28d325fc67361f6ebe2e65a6b73f41ebf0af1cb3d,reviewed-nonexact,0x00412810;0x00412AA0,,REF-002; docs/REFERENCE_FUNCTION_REVIEW.md,"Reference shared dispatch takes Environment and draw bool and reads nodes directly. Original separate members use iterator/compressed-pair accessors, FS/EH lifetime, fixed-global lock helpers and distinct switch tables; draw performs an additional observer cleanup pass. Callback cases and lock release/reacquire are corroborated, but this merged body cannot be directly exact."
d6ddacd0210be612d13e,36142692bbafee159dcdf14649bf8aa4e3d0b8827fcfa60bb74e3860f46e6b68,reviewed-nonexact,0x00412810,,REF-002; docs/REFERENCE_FUNCTION_REVIEW.md,"Reference wrapper only forwards to a shared free dispatch with draw=false. Original target entry itself owns the complete update loop, restart case 6, shutdown cases and iterator EH. Whole target extent cannot be represented by this forwarding wrapper."
54b50b3a984a124b65b9,da5e81d04d404f0d8c2a6ea9dac2d03617587b828bce938ce220ad262944d9b7,reviewed-nonexact,0x00412AA0,,REF-002; docs/REFERENCE_FUNCTION_REVIEW.md,"Reference wrapper forwards to shared dispatch with draw=true. Original owns the complete draw loop and second observer cleanup pass, plus iterator/EH data. The forwarding contribution does not reproduce the original full entry."
96c92917828bdbee779d,630fc72150c1af3d9e8c8d850c27db3a326888137fcbcc378d9bc0e4ad3b23ca,reviewed-nonexact,0x004125B0,,REF-002; docs/REFERENCE_FUNCTION_REVIEW.md,"Reference intentionally omits the leading renderer flush at 0x4D9E30. Original also has separate update/draw iteration scopes, fixed-global receivers and EH lifetime; the scheduler-only body is incomplete for full-entry exactness."
a345a2a2d45347197c7d,73e262261ab9166a933de2686900e092070865dc73250465ccceffe938147713,support-reviewed,,,REF-002; docs/REFERENCE_FUNCTION_REVIEW.md,Reference default Environment owns two recursive mutexes and binds four references to its own storage. This is integration support for reference validation; no original Environment constructor or corresponding object layout has been established.
e1dbb505141db11ae5f6,dd9fe9821118bf1aca8bf625c7d9cca3f90781a01c11f61672303917ed2f5827,support-reviewed,,,REF-002; docs/REFERENCE_FUNCTION_REVIEW.md,Reference injected Environment binds caller-supplied mutex/flag/depth references while still constructing its owned mutex members. This adapter has no established native constructor entry and grants no original ABI/lifetime credit.
fb4c7feab961a0529226,5d608530352234faef6371d85397c99201c5f66dee42ce0a03b7383ad89c0f90,absorbed-exact,0x0041FDF0,task_destroy,REF-003; docs/REFERENCE_FUNCTION_REVIEW.md,TaskInf RTTI and the three-slot vtable independently identify the polymorphic base. Empty maintained TaskInfo destructor fully replays its 20-byte vptr store using the independently read vtable at 0x56D4C0. Deleting destructor and constructor remain open. Custom-class identity does not establish whether this empty/defaulted lifetime contribution was authored or compiler-synthesized; origin remains pending and no authored progress credit is granted.
518563150e47dcaffdb5,7e1536fe56d2f75c642afe528278243af541fe31c1cc4b71640b436f077a6c33,absorbed-exact,0x00421680;0x004216A0,task_enable;task_enable_callbacks,REF-003; docs/REFERENCE_FUNCTION_REVIEW.md,Reference combines virtual forwarding and two nullable node operations. Maintained TaskInfo restores separate virtual entry and receiver helper; complete 20/53-byte units replay all three independent call relocations. Callback userdata and unrelated flags are preserved.
b866475fa926c29d0e1b,2b89f1c6cb3c76b8484336080da5ec0cdd73b1a66ae28573d1dbe56cffa95715,absorbed-exact,0x00421760;0x00421780,task_disable;task_disable_callbacks,REF-003; docs/REFERENCE_FUNCTION_REVIEW.md,Maintained TaskInfo restores the original virtual wrapper and shared nullable two-node helper. Both complete 20/53-byte units pass canonical replay against independently examined node-disable and helper bodies.
0cc442eb3ddb7c170d71,e0c4cd2565cae776b93b6ef446ba166d8cc5852b333c7b0f80eed238f5543af7,reviewed-nonexact,0x004217C0;0x0041F7C0,,REF-003; docs/REFERENCE_FUNCTION_REVIEW.md,"Reference free API adds a null check and directly combines virtual destruction, a lazy shared mutex and operator delete. Original first forwards through allocation global 0x5B8894; its receiver helper destroys before slot-1 locking and CRT free, with GS bookkeeping. Recover the allocator owner/helper partition."
cec3266fad8b5eedf167,49e4f53e1c93ad88e6264be5afc8c598794de58a1ce82b17fd9123980b442e0a,support-reviewed,,,REF-003; docs/REFERENCE_FUNCTION_REVIEW.md,Function-local static registry is a reference integration singleton. Original program entry uses fixed storage at 0x5C0240 and distinct construction/destruction. No standalone original singleton accessor or equivalent initialization protocol is established.
072570f002c57953e5bb,2b5e78ba603354117b544c9cdda707ed073ac2745f6d1fceb59ff96d450cbdf8,reviewed-nonexact,0x00412550,,REF-003; docs/REFERENCE_FUNCTION_REVIEW.md,"Enabled gate and wrapping depth increment agree. Reference uses bounds-checked array.at and its free slot accessor; original calls unchecked 48-byte mutex indexing 0x40BBC0, lock member 0x40C470 and depth accessor 0x411C10. Preserve original receiver/helper emission before absorption."
55c9f731e4c55b5aa618,57ce32e7bb8a2acd28a97d7646fa910c3af4330f3017c0113614da28625f342c,reviewed-nonexact,0x00412750,,REF-003; docs/REFERENCE_FUNCTION_REVIEW.md,Depth decrement before unlock agrees. Reference bounds checks depth and mutex indices; original separate unchecked depth/mutex accessors and receiver calls lack those failure paths. Full native accessor and guard protocol remains pending.
a6cad51e4474d63b84a3,fc7e61bae6d17ad2b3310ba4e48cf883e945b2989fd3fd2eb736b384547594a4,reviewed-nonexact,0x0041F6D0,,REF-003; docs/REFERENCE_FUNCTION_REVIEW.md,"Custom resource has the four-slot PMR interface and two stack arguments. Reference lazy singleton/array.at/std lock_guard differs from the native fixed-global slot-1 guard, FS/EH and cookie/call partition. Successful aligned allocations alone do not close failure and unwind contracts."
fe8ba8488a96d194da94,b49a60502b03fab42dd016ef50ff466b36f0edaff2c7270f6979075e140eb25e,reviewed-nonexact,0x0041F760,,REF-003; docs/REFERENCE_FUNCTION_REVIEW.md,Three native stack arguments and unused size are confirmed. Reference shares a lazy registry and STL guard; original fixed-global allocation guard and GS-protected helper calls form a different complete contribution. Locked deallocation/lifetime recovery remains open.
0779c3f320faed95fc96,6f6c5f2172409f9c4fd0626a9ae748566b695abc26454aa615443b47e81aa52e,absorbed-exact,0x0041C9F0,debug_resource_equal,REF-003; docs/REFERENCE_FUNCTION_REVIEW.md,"Independent RTTI names debug_memory_resource; its fourth vtable slot always returns true, unlike installed new_delete_resource identity equality. Maintained custom PMR override replays all 15 bytes; this does not implement allocation/deallocation."
e134fe127d5f6e1bb975,01b8e83dc9ea16a7da1af59ac29f45a7ac0e13dabd2905c7a5ed975b094f10c6,reviewed-nonexact,0x0041F5B0,,REF-003; docs/REFERENCE_FUNCTION_REVIEW.md,Reference allocates with new and returns a pointer; original is the constructor of an existing eight-byte receiver. It zeroes reserved storage twice and initializes the composed PMR member before its constructor. Heap factory and constructor are distinct ABI/lifetime contributions.
0aae8ffc7baf7a9bd2d4,980dcb3f1e86fa186a8773240b5658e3a21fdfbd3fad878a838928af75c6639d,reviewed-nonexact,0x00419320,,REF-003; docs/REFERENCE_FUNCTION_REVIEW.md,"Reference free delete has no flags argument. Original receiver deleting destructor takes flags, invokes 0x41F5F0 and conditionally performs sized eight-byte deletion. Recover composed resource destruction and deleting-destructor ABI."
8c0e2aaf09b6d3445adb,b5c0e025b4a4c0c1afaf238615169772524b9f1096e68a4b49c70598cd54aea1,reviewed-nonexact,0x0041E770;0x00541562,,REF-003; docs/REFERENCE_FUNCTION_REVIEW.md,Native 18-byte wrapper forwards directly to the CRT aligned default-resource setter; its atomic exchange and fallback resource are separately observed. Reference adds a free wrapper around the installed inline std setter. Library wrapper ownership/call partition must be identified before any credit.
2000eecf3b1d74d81d56,4affadd79b81ed6a7cc0363344aaa49c42a8273b0239e6248d7ba55fd87923e7,reviewed-nonexact,0x0041F610;0x005584C0,,REF-003; docs/REFERENCE_FUNCTION_REVIEW.md,"Original receiver entry returns RET 8 and invokes its locked CRT allocator. Reference has one free-function size parameter, adds manual errno/oversize handling and delegates to malloc. The CRT loop can invoke a new-handler; normal-allocation CPU fixtures omit those failure paths."
eaf4fff871cf23b18ffc,d52bc82babc80334ec29e5b0f0a1d311eb8ad5bad1bb1155670e9df76b1a514e,reviewed-nonexact,0x0041F670,,REF-003; docs/REFERENCE_FUNCTION_REVIEW.md,"Reference free void* API and lazy lock acquisition differ from original ECX receiver, RET 4 and fixed allocation guard/cookie helper calls. Null handling is corroborated but full ABI and allocation-global lifetime remain open."
dadb96eb952599f6aab4,056d3a815fec691a982935fcb856b643054579cf00688e7d36fdc20ac658ac55,reviewed-nonexact,0x0040D8C0,,REF-003; docs/REFERENCE_FUNCTION_REVIEW.md,Original RET 8 body reads its second stack argument; reference has one size argument and a replacement STL mutex guard. Successful array allocations do not justify discarding the extra native parameter or allocator-owner protocol.
236802a36454e4ba8c58,df2cebe890b818362cb554112d540931c7939542a714e3a497643547cab31499,reviewed-nonexact,0x00419BE0;0x0041C0E0,,REF-003; docs/REFERENCE_FUNCTION_REVIEW.md,Reference free Log& directly calls pmr::string.clear. Original ECX wrapper calls a separate receiver clear helper and then resize-to-zero helper 0x41B8A0. Error byte +0x1C is preserved in both; wrapper/helper ownership and full emission remain pending.
31a6e223467cc7837f95,9b81cc331a1636c9c45695304920c9a2d91852bc0116de5def3b69184d0585d5,reviewed-nonexact,0x004530A0;0x00454310,,REF-003; docs/REFERENCE_FUNCTION_REVIEW.md,Native receiver wrapper reaches a distinct strlen/appender helper. Reference free Log& replaces that call partition with std string.append; original EAX return behavior and complete wrapper contribution need independent declaration recovery. SSO/growth fixture success does not establish this ABI.
1bf7492777b6416a72b8,e8ffd225a6b65091c26dad07e2d01a1a64bdf1d3c9b38a6da9ca3199480cd5f5,reviewed-nonexact,0x00454150;0x00454230,,REF-003; docs/REFERENCE_FUNCTION_REVIEW.md,"Reference merges two variadic native entries into bool plus va_list support. Original cdecl entries each own a zeroed 1024-byte narrow buffer, slot-3 guard, EH and format helper 0x452D60. Narrow CP932 semantics agree but neither whole native contribution maps to the merged helper."
db9937b38ca00cf018c7,2093290ed378244a27929b4f6d39d0a9ad71564787a281e32289dd1e86bef7fb,reviewed-nonexact,0x00454150,,REF-003; docs/REFERENCE_FUNCTION_REVIEW.md,"Reference variadic forwarding wrapper delegates to log_vprintf. Original complete cdecl entry owns formatting, allocation locking/EH and append itself. A forwarding-only contribution cannot reproduce its complete native body."
3676eaa85aedd9de6f9f,5cef2d36acdfae8beece99f3065c9a64e963471127f78a2e3a4a0c704305d08c,reviewed-nonexact,0x00454230,,REF-003; docs/REFERENCE_FUNCTION_REVIEW.md,Reference variadic wrapper passes an error bool to a merged helper. Original separate cdecl entry owns formatting and sets the Log error byte; preserve the full entry/call partition and EH before absorbing.
4a3884b4f5bef652b517,4c7c7be83df94f32dd4dbd358257a56688740fa048f44212303d015f38286e07,reviewed-nonexact,0x00453220,,REF-003; docs/REFERENCE_FUNCTION_REVIEW.md,"Reference throws on MultiByteToWideChar returning zero; original proceeds to MessageBoxW without testing that return. Separator, CP932 and 8000-wide-character buffer are observed, but this added failure contract and replaced log/string helpers prevent direct absorption."
d4b194f42aab36b5765f,969632d3ec5a2be9ca303e29472063af51892755c9525116801534d4720d797e,reviewed-nonexact,0x004187A0,,REF-003; docs/REFERENCE_FUNCTION_REVIEW.md,"Reference new State followed by free initialize_state differs from the native allocation-controller receiver with source-label stack argument, RET 4, 56-byte allocation and State constructor 0x418A80/EH lifetime. Recover allocator and real member construction."
2edafd688f08355b27ce,94d6132b677aa1a9a2482715cf92435db0552b1b06d86461efc49edb9caf6ecc,reviewed-nonexact,0x004186C0;0x00418E40;0x004125B0,,REF-003; docs/REFERENCE_FUNCTION_REVIEW.md,"Reference explicit Environment/std::function injection adds null and missing-callback exceptions. Native allocator receiver reaches real Scheduler destruction, shutdown and fixed renderer member flush 0x4D9E30. Correct semantic ordering does not restore owner/EH/deleting-wrapper contracts."
2735536e840d2b3ba6cb,c8a8f951f58cff745684b95376c7d6ff6ab5b620824089ea4d17a56b9efe99c4,reviewed-nonexact,0x0040C310;0x0040BBC0,,REF-003; docs/REFERENCE_FUNCTION_REVIEW.md,Reference std::array.at introduces bounds rejection. Original receiver wrapper calls unchecked indexing with 48-byte stride. Native call partition and index failure behavior differ; the source type size is separately checked on x86.
225477d8c74223d6bf77,a4a4492068bba6b35fd8f6e524c3e08c9a4f5d61a2b56f4bf26a7029bd15ef22,absorbed-exact,0x0041CCC0,registry_enable,REF-003; docs/REFERENCE_FUNCTION_REVIEW.md,"Independent 22-by-48-byte lock construction and trailing depth bytes establish enable byte +0x436. Natural maintained member assignment fully matches all 21 bytes, without replacing locks or touching adjacent storage."
f58c61c54df53b00113b,bd10ab1ad9da6cad72917951657df3d43cdcd6cd4f5427dad2d9a8a1eddc03f1,absorbed-exact,0x0041CA30,registry_disable,REF-003; docs/REFERENCE_FUNCTION_REVIEW.md,Natural maintained receiver assignment clears the independently observed enable byte at +0x436. Complete 21-byte unit passes canonical replay; portable tests verify enable/disable preserve all other object representation bytes.
4ba035cc4ace3202684e,1b48b8c8b0c646979bb2baec769d0950c9fa07bc5ac515ee76ac751dcfbd0df2,support-reviewed,,,REF-003; docs/REFERENCE_FUNCTION_REVIEW.md,Reference convenience getter reads the flag for source/oracle assertions. No separate original getter entry is established; native tracked members read the enable byte themselves.
4ea034da360719c78863,717c1cfa84be92b26ff68fb940683cfb911bd39e54d6da089880f615743690b6,support-reviewed,,,REF-003; docs/REFERENCE_FUNCTION_REVIEW.md,Bounds-checked convenience query serves source/oracle assertions. Original byte-array accessor returns a byte reference and has different ownership/ABI; no original depth-value getter entry is claimed.
d119b952448b1c3600f7,7435df9a09422449c1705853125f70aab37f8d6b733ad7b2aff90f7697592588,support-reviewed,,,REF-003; docs/REFERENCE_FUNCTION_REVIEW.md,Reference injects slots 0/1 and tracking references into its scheduler Environment. Native scheduler uses fixed globals and does not construct this reference-only adapter object. This helper has no reconstruction mapping.
2872edaa57dafeabcf68,5b8ce240fa76721347af339a181346236981638dd8f5a1fafb49062be2e2ceb6,absorbed-exact,0x00418DB0,debug_resource_construct,REF-003; docs/REFERENCE_FUNCTION_REVIEW.md,Maintained defaulted custom PMR constructor calls the independently checked std base constructor and writes the RTTI-corroborated debug resource vtable. All 31 bytes and both relocations replay. Allocation/deallocation definitions remain pending. Custom-class identity does not establish whether this empty/defaulted lifetime contribution was authored or compiler-synthesized; origin remains pending and no authored progress credit is granted.
c41e35df8bc8824b9364,0c719653513edcb090282a68b8e5a7dc0c4da687efca18d7086f83ab87779d5d,absorbed-exact,0x00418E90,debug_resource_destroy,REF-003; docs/REFERENCE_FUNCTION_REVIEW.md,Maintained defaulted custom PMR destructor writes the independently read custom vtable then invokes the independently checked std base destructor. All 29 bytes and both relocations replay; deleting destructor and heap protocol are not thereby accepted. Custom-class identity does not establish whether this empty/defaulted lifetime contribution was authored or compiler-synthesized; origin remains pending and no authored progress credit is granted.
a8b71cdecc5c1c64ecd8,1bf5c21846b63a410829a4f2d0c8f3a0860323b1f249dcf11cfa7a813ec52af7,support-reviewed,,,REF-003; docs/REFERENCE_FUNCTION_REVIEW.md,Free program-entry bridge forwards to the reviewed registry member; it does not have the original ECX member ABI or earn a second native mapping.
1070d745617a228392d8,5d73f8ccd9a1b3f74d0ffb152d1e775c062c18eb1fdea122a56801b3b6c414a8,support-reviewed,,,REF-003; docs/REFERENCE_FUNCTION_REVIEW.md,"Free program-entry bridge delegates to registry disable. Its added wrapper is an integration definition, separate from the accepted receiver entry."
59ac9eaedb498c2d3869,05c0939a7944480876e7f9681aebba26fc66c8cddab8164d1a976f77dd15ad05,support-reviewed,,,REF-003; docs/REFERENCE_FUNCTION_REVIEW.md,Program-entry bridge wraps operator new with a uint32 size; no independently identified native bridge contribution or whole allocation protocol is established.
51461bee4e8612c6958e,c8750af7d4ffacd6aa0b449cf288da92ab289ae638208dbfa074825dfed8e483,support-reviewed,,,REF-003; docs/REFERENCE_FUNCTION_REVIEW.md,Placement-new bridge constructs reference AllocationController storage. Native constructor ABI and duplicate initialization stores are reviewed separately; this extra free API is not mapped.
b31d4fb9fff5293f0d03,69c8ee684f98e1c5f71254e1f56fdfa5d620b60950a84a95014c25318bac9506,support-reviewed,,,REF-003; docs/REFERENCE_FUNCTION_REVIEW.md,Bridge manually destroys and conditionally frees with flags and adds a null guard. It is integration support for an allocator whose original deleting-destructor body/lifetime is still pending.
edec65c2d94e01436d1b,9201062dd08fe32cdbbaa21ea905cc2f5b1e45d6a07b4ed368f5dfb5d0a0eec5,support-reviewed,,,REF-003; docs/REFERENCE_FUNCTION_REVIEW.md,Placement-new adapter creates a PMR resource in listener-named storage. Independent RTTI corrects the owner to debug_memory_resource; this extra storage adapter has no native entry mapping.
3f03251564a88405d616,9fa956a5f28fa724380610d258708d37e78ced2e7fd37dc10521acdb8033a8f0,support-reviewed,,,REF-003; docs/REFERENCE_FUNCTION_REVIEW.md,Adapter launders/reinterprets storage and accepts null before forwarding to the reference setter. This wiring is separate from the original CRT default-resource exchange and receiver lifetimes.
c518b3e7bba32c817803,10c270a0ba0a80fdfcb88149a09ddc3a87c02d6d5948f26bf4720fcf95208631,support-reviewed,,,REF-003; docs/REFERENCE_FUNCTION_REVIEW.md,Adapter launders storage and invokes its resource destructor. Original custom PMR destructor is independently absorbed; no duplicate native credit is assigned to the free storage wrapper.
48ba7b9d0fd3065aa004,8d76aeaafc4ff98a957f3275c335f60ae0a8b6fa16ccc6eb097cb1f0a538023a,support-reviewed,,,REF-003; docs/REFERENCE_FUNCTION_REVIEW.md,Program-entry variadic adapter forwards va_list to the merged source log helper. Original native full formatting entry is reviewed separately; adapter wiring does not close its ABI/EH.
094768ac1d18b403529d,47bdbbc950848229fa00b0e98648ddfadae5a74c7ce41a9505dd4cea573e1aef,support-reviewed,,,REF-003; docs/REFERENCE_FUNCTION_REVIEW.md,Program-entry variadic adapter passes true to the merged helper. Native error-formatting entry has its own complete body; this reference bridge supplies no exact mapping.
b50513b7dd5c391158b0,d4d0dc4dca699c63f52bbaf72fb32cb50128477adffd02a2e69eab0ed1eb1293,support-reviewed,,,REF-003; docs/REFERENCE_FUNCTION_REVIEW.md,Adapter forwards Log& to clear_log. Native receiver clear wrapper/helper partition remains pending; this extra reference integration entry has no distinct original contribution.
f629657f34592f6bb8f3,68fb5cf439d3bf99c3cf7ea7f60dd1b292b1ee05aa622b1f11c48462a2732efb,support-reviewed,,,REF-003; docs/REFERENCE_FUNCTION_REVIEW.md,Adapter forwards Log& to finish_log. The source finish helper adds a conversion-failure exception absent from the original; the adapter has no independent native mapping.
523c1205f67e641c0e0a,8c897982a72e9c9e0a62a6837624019e638252292c1ed28779ec98bc85e335e1,support-reviewed,,,REF-003; docs/REFERENCE_FUNCTION_REVIEW.md,Bridge discards AllocationController and source-label arguments and calls the free scheduler factory. This exposes reference integration loss of the native allocator contract; no exact mapping.
d185ab472fafc6cd6d06,9c53103b9db9da125c8d2363da28bfbe91dc054fafdc7dca11f71997d385eea7,support-reviewed,,,REF-003; docs/REFERENCE_FUNCTION_REVIEW.md,Bridge uses injected scheduler Environment and renderer lambda to call source teardown. Native allocator receiver/deleting wrapper/renderer owner remain separate pending contributions.
e6e14e834d19cd688d2e,1d97ca49092f28deedc90f3986ee16249004fbbcb85069475530e8b61c4b18e8,support-reviewed,,,REF-003; docs/REFERENCE_FUNCTION_REVIEW.md,"Reference teardown dependency calls fn_004d9e30 on graphics_state. It demonstrates required renderer wiring, but is an integration lambda rather than an original standalone callback entry."
9eec373d956aa3be547b,d90cca58f9bef2eb3345469cf1634af2449ab2908920845891f7b39e76a28293,absorbed-exact,0x0040B780,worker_construct,REF-003; docs/REFERENCE_FUNCTION_REVIEW.md,"Independently examined std jthread and atomic<bool> constructor chains establish 12-byte thread state and false flag at +12. Maintained user-provided noexcept constructor replays all 44 bytes with both independent relocations, preserving uninitialized tail padding. Native destruction/closing is still pending."
de159716468c226b2674,49401a1a2066b4c11d067ab26eee6f4bd2e3f4bbf451f758b8a6581351a57174,reviewed-nonexact,0x0040BCF0,,REF-003; docs/REFERENCE_FUNCTION_REVIEW.md,"Reference free Worker& joins under a lazy shared mutex and directly accesses std members. Original ECX entry uses fixed slot-6 guard/EH, separate close flag store 0x40BAA0, joinable 0x40C3D0 and join wrapper 0x40C340. Recover original ownership and helper partition."
dcebeac1b33cd9863682,4abd6f8f2465ba630bccc0fb348c83f10a7cc49b136617ca3f047fccb5205ca7,reviewed-nonexact,0x004BA8B0;0x0040BC60,,REF-003; docs/REFERENCE_FUNCTION_REVIEW.md,Recursive slot-6 reacquisition is corroborated. Reference merges both scopes into one free function; original outer receiver calls a separate detacher with its own guard/lifetime and std detach helper 0x40C160. Full entries require separate reconstruction.
df50c13772330b858066,f3da19d679763b3cc6d95f77c7c5aa5c8612fbc092b6263bafb75ce7564828f2,reviewed-nonexact,0x004D9E30,,REF-003; docs/REFERENCE_FUNCTION_REVIEW.md,Reference free Worker& composes detach then join. Original is a graphics receiver that first emits diagnostic 0x40C6B0 and operates on its Worker member at +0xD90. Matching thread ordering cannot discard this concrete enclosing owner boundary.
23356be5a26e07d5e5c7,e47b1c08818baa9733142c0c87ac2bf4a5b537a21f7ec0a8ebd278099f516f46,reviewed-nonexact,0x0040B980,,REF-003; docs/REFERENCE_FUNCTION_REVIEW.md,"Reference destructor calls free join_worker, then implicit std destruction. Original calls its receiver close/join entry and separate jthread destructor with FS/EH. Accepted constructor/layout does not close the native destructor or linked worker lifetime."
835636713d6b6eecda11,10f339c4805f59f817b8cd226c419eb480500b007654a1944029ec0b0d74dd09,support-reviewed,,,REF-003; docs/REFERENCE_FUNCTION_REVIEW.md,"Isolated Windows exception reporter prints mapped-image diagnostics and returns EXCEPTION_EXECUTE_HANDLER. Manual parse-gap review reconciles WINAPI annotation at line 10; it is test infrastructure, not a game body."
e5ee3d4a4a124ae5c05b,fd18736c9a3f305b0241ea25a958a227aa4fe3bc1ae39dec2ec5e6dd741b1531,support-reviewed,,,REF-003; docs/REFERENCE_FUNCTION_REVIEW.md,Isolated templated ECX/thiscall dispatcher executes selected mapped original RVAs on supplied fixtures. It is an oracle mechanism with no production/native mapping; argument and object validity must be established per case.
c1e7c31c4fe5929e91b3,32a9cc862564f98cc489551870004d8e6b19896e042508458a32c5b1592db0f9,support-reviewed,,,REF-003; docs/REFERENCE_FUNCTION_REVIEW.md,Isolated cdecl dispatcher exposes mapped selected original entries. It is test infrastructure; neither pointer casting nor unmodified byte execution supplies acceptance for unrelated source functions.
5fcd8dda7cc5e1fe2d24,f778b8db04766dd979da37425086b0f8916129db6e0d10962337ca5ab709efef,support-reviewed,,,REF-003; docs/REFERENCE_FUNCTION_REVIEW.md,"Full oracle driver checks target hash, maps the image, resolves selected Win32 IAT slots and heap state, and redirects the original PMR default global to a source resource. It checks selected mutex fields, normal allocation/alignment and strings, then includes worker fixtures. Failure/new-handler, variadic original formatting and MessageBox paths are explicitly omitted; original entry is never run. Report success is not inherited."
a641d44abbdd77a96ffb,77de0b35d856008d1b1ad6a306615f9fac005b4c040f6ce8d4c16fb0c7aa2268,support-reviewed,,,REF-003; docs/REFERENCE_FUNCTION_REVIEW.md,"Driver check lambda increments scenario counts and retains up to 20 failure labels. It is reporting support, not another CPU-tested game implementation."
4ab4c755ee13f146e7dd,d5098bc09d61532195bdb9d9ed51d844e170e8ec1bd46d8affbb933209cd6545,support-reviewed,,,REF-003; docs/REFERENCE_FUNCTION_REVIEW.md,Source-only assertion helper throws runtime_error on failed conditions. This test support body has no original mapping.
70203c754195d90e989d,39e47ac2befebfeb3056254abfbe73eefbf96f4d939842257b15b5032c9f24da,support-reviewed,,,REF-003; docs/REFERENCE_FUNCTION_REVIEW.md,"Source-only integration test exercises recursive exclusion/depth, PMR alignments, errno oversize handling, log formatting, error preservation and injected renderer teardown order. It never executes an original body and cannot establish exact or full native failure/runtime behavior."
bffd0f6e495e99e416ff,8afa54d606e701dc7a39ed904da70229b8b0969ae8f14a54986454143a513e03,support-reviewed,,,REF-003; docs/REFERENCE_FUNCTION_REVIEW.md,"Source-only contender tries the recursive mutex from a second thread and records exclusion. It checks synchronization behavior of the reference implementation, without proving the original accessor/guard ABI."
379d04aa25499b2dc128,f13bc3b94ec544a1a0aaa86d9d2a418b4db7bf6a2ea28773276bdef3dbfca137,support-reviewed,,,REF-003; docs/REFERENCE_FUNCTION_REVIEW.md,"Source callback returns 1 in a scheduler registration fixture. It is a manufactured test callback, not an original game callback body."
905da079c2580b432b47,4f783bd3f39d2a905a4048f8e0e212df796fa1fea4261bcaee053773da206fb0,support-reviewed,,,REF-003; docs/REFERENCE_FUNCTION_REVIEW.md,Fixture shutdown callback increments its supplied counter and returns 1. This validates source teardown ordering; it has no native entry mapping.
fdebe77471ed64b62f5b,95a607e8f038c5aeeaeb7675ebb6b23ce599b82a7b4d4061de5332ea7c5858ca,support-reviewed,,,REF-003; docs/REFERENCE_FUNCTION_REVIEW.md,Injected renderer flush increments a counter and asserts shutdown has not occurred. It checks source integration dependency ordering without executing native renderer teardown.
1c63997a39f00dd14263,b4b2598e2c78108bebdf2e7c68844ee0cf00722a3ceae3019ecdc03e68cfe9ca,support-reviewed,,,REF-003; docs/REFERENCE_FUNCTION_REVIEW.md,Native-side live join fixture is a source-created jthread polling its close flag and recording completion. Selected original join operates on this compatible fixture; original game thread startup/workload is not exercised.
bd8fc1dcace1ff9f4698,a558815210a31eb19e410fd479ef8416481203390a8333b00c51071ce61b8907,support-reviewed,,,REF-003; docs/REFERENCE_FUNCTION_REVIEW.md,"Source-side live join fixture polls the close flag and records completion. Comparison checks joining and handle clearing for source-created threads, not arbitrary native game worker state."
e1be27eaf04e782280c8,5f0b0910550ee2b4364e37650e3eb2959d1ae0559dcec8f7afcace4facd39b4c,support-reviewed,,,REF-003; docs/REFERENCE_FUNCTION_REVIEW.md,"Native-side detach fixture waits for an explicit release flag, observes close and signals a Windows event. Event waits bound fixture lifetime; selected original detach acts on source-created ABI-compatible thread state."
e0555eabb9a97539b128,4dff0d36193f34e6319a9f565eccda6218aaf4d58da7f8a06518c115b37ab9e6,support-reviewed,,,REF-003; docs/REFERENCE_FUNCTION_REVIEW.md,Source-side detach fixture observes the close flag after release and signals completion. The surrounding idle-fill/live-join/live-detach cases scope worker checks; they do not execute native entry or original worker startup.
