address,source_path,source_line,context,string_address,instruction_address,evidence
0x004100E0,core/filectrl.cpp,50,u_char,0x0056C578,0x0041013E,REF-001; target string + decoded immediate + attested Ghidra xref
0x004103C0,core/filectrl.cpp,131,u_char,0x0056C5B8,0x0041041E,REF-001; target string + decoded immediate + attested Ghidra xref
0x00410990,core/filectrl.cpp,496,void,0x0056C6D4,0x004109FB,REF-001; target string + decoded immediate + attested Ghidra xref
0x004127B0,core/func.cpp,317,funcChainInf,0x0056C728,0x004127B9,REF-001; target string + decoded immediate + attested Ghidra xref
0x00415830,core/grpfont.cpp,920,AflDIB,0x0056C860,0x004158AE,REF-001; target string + decoded immediate + attested Ghidra xref
0x00416420,core/grpfont.cpp,615,u_char,0x0056C7E0,0x00416476,REF-001; target string + decoded immediate + attested Ghidra xref
0x0041E7D0,core/main.cpp,172,FuncCtrlInf,0x0056C9B4,0x0041E975,REF-001; target string + decoded immediate + attested Ghidra xref
0x0041E7D0,core/main.cpp,173,SprtCtrlInf,0x0056C9F4,0x0041E98A,REF-001; target string + decoded immediate + attested Ghidra xref
0x00422B00,core/pad.cpp,771,InputInf,0x0056D698,0x00422B04,REF-001; target string + decoded immediate + attested Ghidra xref
0x004250F0,core/screen.cpp,580,ScreenInf,0x0056D768,0x004250F4,REF-001; target string + decoded immediate + attested Ghidra xref
0x004263E0,core/sound.cpp,255,CSoundManager,0x0056DC48,0x00426439,REF-001; target string + decoded immediate + attested Ghidra xref
0x00427360,core/sound.cpp,653,char,0x0056DE10,0x004275EB,REF-001; target string + decoded immediate + attested Ghidra xref
0x0044A700,core/sprtlib.cpp,905,SprtGroupTexInf,0x0056E270,0x0044A994,REF-001; target string + decoded immediate + attested Ghidra xref
0x0044A700,core/sprtlib.cpp,906,SprtDataInf,0x0056E2B8,0x0044A9B4,REF-001; target string + decoded immediate + attested Ghidra xref
0x0044A700,core/sprtlib.cpp,907,int*,0x0056E2FC,0x0044A9D4,REF-001; target string + decoded immediate + attested Ghidra xref
0x0044A700,core/sprtlib.cpp,929,SprtInf,0x0056E338,0x0044AAA8,REF-001; target string + decoded immediate + attested Ghidra xref
0x0044C9B0,core/sprtlib.cpp,2888,SprtInf,0x0056E5BC,0x0044CAA3,REF-001; target string + decoded immediate + attested Ghidra xref
0x0044ED40,core/sprtlib.cpp,950,SprtGroupInf,0x0056E3B0,0x0044EDB7,REF-001; target string + decoded immediate + attested Ghidra xref
0x00459530,core/zwave.cpp,278,LPDIRECTSOUNDBUFFER,0x0056E910,0x00459547,REF-001; target string + decoded immediate + attested Ghidra xref
0x00459A70,core/zwave.cpp,119,CWaveFile,0x0056E750,0x00459AAC,REF-001; target string + decoded immediate + attested Ghidra xref
0x00459A70,core/zwave.cpp,154,DSBPOSITIONNOTIFY,0x0056E790,0x00459BF1,REF-001; target string + decoded immediate + attested Ghidra xref
0x00459A70,core/zwave.cpp,173,CStreamingSound,0x0056E7D8,0x00459CFF,REF-001; target string + decoded immediate + attested Ghidra xref
0x00459D70,core/zwave.cpp,209,CWaveFile,0x0056E838,0x00459DB9,REF-001; target string + decoded immediate + attested Ghidra xref
0x00459D70,core/zwave.cpp,237,DSBPOSITIONNOTIFY,0x0056E878,0x00459ECE,REF-001; target string + decoded immediate + attested Ghidra xref
0x00459D70,core/zwave.cpp,256,CStreamingSound,0x0056E8C0,0x00459FDC,REF-001; target string + decoded immediate + attested Ghidra xref
0x0045B150,core/zwave.cpp,322,LPDIRECTSOUNDBUFFER,0x0056E958,0x0045B20A,REF-001; target string + decoded immediate + attested Ghidra xref
0x0045B150,core/zwave.cpp,336,DSBPOSITIONNOTIFY,0x0056E9A0,0x0045B2F0,REF-001; target string + decoded immediate + attested Ghidra xref
0x0045D000,effect/effchargepoint.cpp,40,EffectChargePointInf,0x0056EC30,0x0045D008,REF-001; target string + decoded immediate + attested Ghidra xref
0x0045DC70,effect/efffanspark.cpp,131,EffectFanSparkInf,0x0056ECC0,0x0045DC78,REF-001; target string + decoded immediate + attested Ghidra xref
0x0045E520,effect/effline.cpp,154,EffectLineEffectInf,0x0056ED88,0x0045E528,REF-001; target string + decoded immediate + attested Ghidra xref
0x0045E550,effect/effline.cpp,70,EffectLineEffectInf,0x0056ED38,0x0045E558,REF-001; target string + decoded immediate + attested Ghidra xref
0x0045EC70,effect/efflinespark.cpp,125,EffectLineSparkInf,0x0056EDF8,0x0045EC78,REF-001; target string + decoded immediate + attested Ghidra xref
0x0045FD10,effect/efflinespark2.cpp,135,EffectLineSpark2Inf,0x0056EE68,0x0045FD18,REF-001; target string + decoded immediate + attested Ghidra xref
0x00460800,effect/efflinestone.cpp,139,EffectLineStoneInf,0x0056EED8,0x00460808,REF-001; target string + decoded immediate + attested Ghidra xref
0x00460F30,effect/efflinestone2.cpp,145,EffectLineStone2Inf,0x0056EF48,0x00460F38,REF-001; target string + decoded immediate + attested Ghidra xref
0x004613A0,effect/effmenuwindow.cpp,93,EffectMenuWindowInf,0x0056EFB8,0x004613A8,REF-001; target string + decoded immediate + attested Ghidra xref
0x00463280,effect/effpyramid.cpp,379,EffectPyramidInf,0x0056F038,0x00463288,REF-001; target string + decoded immediate + attested Ghidra xref
0x00465960,effect/effscreenswitch.cpp,37,EffectScreenSwitchInf,0x0056F0B0,0x00465968,REF-001; target string + decoded immediate + attested Ghidra xref
0x00466270,effect/effshortline.cpp,60,EffectShortLineEffectInf,0x0056F138,0x00466278,REF-001; target string + decoded immediate + attested Ghidra xref
0x00466860,effect/effshortline2.cpp,60,EffectShortLineEffect2Inf,0x0056F1B0,0x00466868,REF-001; target string + decoded immediate + attested Ghidra xref
0x00466F80,effect/effshortline3.cpp,83,EffectShortLineEffect3Inf,0x0056F228,0x00466F88,REF-001; target string + decoded immediate + attested Ghidra xref
0x00467C20,effect/effstonegaugeline.cpp,130,EffectStoneGaugeLineInf,0x0056F2A0,0x00467C28,REF-001; target string + decoded immediate + attested Ghidra xref
0x0046C210,game/ascii.cpp,1118,JapaneseStrInf,0x0056F6D0,0x0046C43D,REF-001; target string + decoded immediate + attested Ghidra xref
0x0046C210,game/ascii.cpp,1139,JapaneseStrInf,0x0056F718,0x0046C5A2,REF-001; target string + decoded immediate + attested Ghidra xref
0x00471060,game/ascii.cpp,111,AsciiInf,0x0056F63C,0x00471064,REF-001; target string + decoded immediate + attested Ghidra xref
0x00474E70,game/background.cpp,601,StageFileHeaderInf,0x0056F8D0,0x00474EC3,REF-001; target string + decoded immediate + attested Ghidra xref
0x004751B0,game/background.cpp,1029,RenderMeshInf,0x0056F990,0x00475FB2,REF-001; target string + decoded immediate + attested Ghidra xref
0x004751B0,game/background.cpp,1031,RenderMeshInf,0x0056F9D8,0x00475FDB,REF-001; target string + decoded immediate + attested Ghidra xref
0x00477880,game/background.cpp,136,BackGroundInf,0x0056F888,0x00477884,REF-001; target string + decoded immediate + attested Ghidra xref
0x00478300,game/bomb.cpp,87,BombInf,0x0056FACC,0x00478306,REF-001; target string + decoded immediate + attested Ghidra xref
0x00479120,game/bomb_marisaa.cpp,172,BombMarisaAInf,0x0056FB30,0x00479123,REF-001; target string + decoded immediate + attested Ghidra xref
0x0047A610,game/bomb_reimua.cpp,295,BombReimuAInf,0x0056FBB0,0x0047A613,REF-001; target string + decoded immediate + attested Ghidra xref
0x00486630,game/bullet.cpp,666,BulletInf,0x0056FCD4,0x00486634,REF-001; target string + decoded immediate + attested Ghidra xref
0x00488B20,game/card.cpp,641,CardInf,0x0056FDBC,0x00488B24,REF-001; target string + decoded immediate + attested Ghidra xref
0x0049CF80,game/effect.cpp,430,SprtID,0x0057002C,0x0049D01E,REF-001; target string + decoded immediate + attested Ghidra xref
0x0049CF80,game/effect.cpp,431,SprtInf*,0x00570068,0x0049D03F,REF-001; target string + decoded immediate + attested Ghidra xref
0x0049CF80,game/effect.cpp,432,sprtVERTEXC,0x005700A8,0x0049D060,REF-001; target string + decoded immediate + attested Ghidra xref
0x0049CF80,game/effect.cpp,433,FVector,0x005700EC,0x0049D07F,REF-001; target string + decoded immediate + attested Ghidra xref
0x0049E0C0,game/effect.cpp,213,EffectInf,0x0056FFEC,0x0049E0C4,REF-001; target string + decoded immediate + attested Ghidra xref
0x004A0600,game/ending.cpp,128,EndingMsgInf,0x00570268,0x004A093B,REF-001; target string + decoded immediate + attested Ghidra xref
0x004A1010,game/ending.cpp,170,EndingInf,0x005702C0,0x004A1014,REF-001; target string + decoded immediate + attested Ghidra xref
0x004A7080,game/enemy.cpp,205,EclResourceInf,0x00570460,0x004A70B2,REF-001; target string + decoded immediate + attested Ghidra xref
0x004A8920,game/enemy.cpp,69,EnemyInf,0x00570420,0x004A8929,REF-001; target string + decoded immediate + attested Ghidra xref
0x004ABA70,game/enemy.cpp,420,EnemyCtrlInf,0x005704F8,0x004ABA74,REF-001; target string + decoded immediate + attested Ghidra xref
0x004AC1A0,game/fps.cpp,61,FPSInf,0x005705D8,0x004AC1A4,REF-001; target string + decoded immediate + attested Ghidra xref
0x004B9090,game/front.cpp,402,FrontInf,0x00570694,0x004B9094,REF-001; target string + decoded immediate + attested Ghidra xref
0x004B9740,game/front.cpp,1199,MsgInf,0x005706F8,0x004B9975,REF-001; target string + decoded immediate + attested Ghidra xref
0x004BEC70,game/game.cpp,594,GameInf,0x00570B8C,0x004BEC76,REF-001; target string + decoded immediate + attested Ghidra xref
0x004BFC70,game/help.cpp,86,HelpInf,0x00570C2C,0x004BFC74,REF-001; target string + decoded immediate + attested Ghidra xref
0x004C0E60,game/hit.cpp,605,HitInf,0x00570D00,0x004C0ECF,REF-001; target string + decoded immediate + attested Ghidra xref
0x004C20D0,game/hit.cpp,73,HitCtrlInf,0x00570CC4,0x004C20D4,REF-001; target string + decoded immediate + attested Ghidra xref
0x004C5010,game/item.cpp,113,ItemInf,0x00570D74,0x004C5014,REF-001; target string + decoded immediate + attested Ghidra xref
0x004C7CB0,game/keyconfig.cpp,74,KeyConfigTaskInf,0x00570E10,0x004C7CB4,REF-001; target string + decoded immediate + attested Ghidra xref
0x004C9AB0,game/laser.cpp,3617,u_char,0x00571748,0x004C9B1C,REF-001; target string + decoded immediate + attested Ghidra xref
0x004CFB40,game/laser.h,315,LaserLineInf,0x005711D0,0x004CFB49,REF-001; target string + decoded immediate + attested Ghidra xref
0x004D3230,game/laser.cpp,2597,sprtVERTEXC,0x00571628,0x004D3570,REF-001; target string + decoded immediate + attested Ghidra xref
0x004D3230,game/laser.cpp,2599,LaserCurveVtxInf,0x00571670,0x004D35AA,REF-001; target string + decoded immediate + attested Ghidra xref
0x004D3230,game/laser.cpp,2638,CurveEquationInf,0x005716B8,0x004D3870,REF-001; target string + decoded immediate + attested Ghidra xref
0x004D3230,game/laser.cpp,2719,LaserHitDataInf,0x00571700,0x004D3C50,REF-001; target string + decoded immediate + attested Ghidra xref
0x004D3D70,game/laser.cpp,1730,LaserHitDataInf,0x005715E0,0x004D40F4,REF-001; target string + decoded immediate + attested Ghidra xref
0x004D4150,game/laser.cpp,551,LaserHitDataInf,0x00571598,0x004D461C,REF-001; target string + decoded immediate + attested Ghidra xref
0x004D47F0,game/laser.cpp,296,LaserLineInf,0x00571478,0x004D484B,REF-001; target string + decoded immediate + attested Ghidra xref
0x004D47F0,game/laser.cpp,306,LaserInfiniteInf,0x005714C0,0x004D48AC,REF-001; target string + decoded immediate + attested Ghidra xref
0x004D47F0,game/laser.cpp,317,LaserBeamInf,0x00571508,0x004D490D,REF-001; target string + decoded immediate + attested Ghidra xref
0x004D47F0,game/laser.cpp,328,LaserCurveInf,0x00571550,0x004D4968,REF-001; target string + decoded immediate + attested Ghidra xref
0x004D5A90,game/laser.h,468,CurveEquationInf,0x005712A0,0x004D5AB6,REF-001; target string + decoded immediate + attested Ghidra xref
0x004D7E40,game/laser.cpp,163,LaserInf,0x00571438,0x004D7E44,REF-001; target string + decoded immediate + attested Ghidra xref
0x004D85C0,game/loading.cpp,239,LoadingInf,0x005718C8,0x004D85C4,REF-001; target string + decoded immediate + attested Ghidra xref
0x004D9210,game/mother.cpp,501,BITMAPINFO,0x00571C00,0x004D9220,REF-001; target string + decoded immediate + attested Ghidra xref
0x004D97F0,game/mother.cpp,483,Gdiplus::ImageCodecInfo,0x00571BB0,0x004D982F,REF-001; target string + decoded immediate + attested Ghidra xref
0x004DD600,game/mother.cpp,233,SprtInf,0x0057199C,0x004DD6AB,REF-001; target string + decoded immediate + attested Ghidra xref
0x004DD600,game/mother.cpp,234,SprtInf,0x005719DC,0x004DD6C0,REF-001; target string + decoded immediate + attested Ghidra xref
0x004DD600,game/mother.cpp,235,SprtInf,0x00571A1C,0x004DD6D5,REF-001; target string + decoded immediate + attested Ghidra xref
0x004DD600,game/mother.cpp,236,SprtInf,0x00571A5C,0x004DD6EA,REF-001; target string + decoded immediate + attested Ghidra xref
0x004DD600,game/mother.cpp,237,SprtInf,0x00571A9C,0x004DD6FF,REF-001; target string + decoded immediate + attested Ghidra xref
0x004DE040,game/mother.cpp,424,BYTE,0x00571B44,0x004DE131,REF-001; target string + decoded immediate + attested Ghidra xref
0x004DFB90,game/notice.cpp,154,NoticeInf,0x00571FA8,0x004DFB94,REF-001; target string + decoded immediate + attested Ghidra xref
0x004E1080,game/option.cpp,60,OptionTaskInf,0x005720C8,0x004E1084,REF-001; target string + decoded immediate + attested Ghidra xref
0x004E6B80,game/pause.cpp,238,PauseInf,0x005724E4,0x004E6B84,REF-001; target string + decoded immediate + attested Ghidra xref
0x004FFFF0,game/player.cpp,313,PlayerInf,0x00572C08,0x004FFFF4,REF-001; target string + decoded immediate + attested Ghidra xref
0x00506210,game/plyshot.cpp,184,ShotInf,0x00573284,0x0050627B,REF-001; target string + decoded immediate + attested Ghidra xref
0x00508480,game/replay.cpp,48,ReplayFileHeaderInf,0x00573338,0x005084DA,REF-001; target string + decoded immediate + attested Ghidra xref
0x00508480,game/replay.cpp,54,ReplayDataHeaderInf,0x00573380,0x00508517,REF-001; target string + decoded immediate + attested Ghidra xref
0x00508480,game/replay.cpp,55,ReplayStageDataHeaderInf,0x005733C8,0x0050852D,REF-001; target string + decoded immediate + attested Ghidra xref
0x00508B90,game/replay.cpp,708,ReplayFrameDataInf,0x00573670,0x00508D1C,REF-001; target string + decoded immediate + attested Ghidra xref
0x00509280,game/replay.cpp,530,void,0x005734AC,0x005095BB,REF-001; target string + decoded immediate + attested Ghidra xref
0x00509280,game/replay.cpp,585,char,0x005734E8,0x0050994E,REF-001; target string + decoded immediate + attested Ghidra xref
0x0050A2E0,game/replay.h,140,ReplayRecDataInf,0x005732F0,0x0050A2E9,REF-001; target string + decoded immediate + attested Ghidra xref
0x0050A6B0,game/replay.cpp,818,ReplayStageDataHeaderInf,0x005736B8,0x0050A6C6,REF-001; target string + decoded immediate + attested Ghidra xref
0x0050A8E0,game/replay.cpp,188,ReplayInf,0x00573468,0x0050A8E4,REF-001; target string + decoded immediate + attested Ghidra xref
0x0050A930,game/replay.cpp,169,ReplayInf,0x00573428,0x0050A934,REF-001; target string + decoded immediate + attested Ghidra xref
0x0050EB70,game/score.cpp,175,ScoreFileHeaderInf,0x005737C0,0x0050EBC3,REF-001; target string + decoded immediate + attested Ghidra xref
0x0050EB70,game/score.cpp,201,ScoreChunkInf,0x00573848,0x0050ED0D,REF-001; target string + decoded immediate + attested Ghidra xref
0x0050F6B0,game/score.cpp,252,char,0x005738A8,0x0050F6F2,REF-001; target string + decoded immediate + attested Ghidra xref
0x0050FCE0,game/score.cpp,118,ScoreInf,0x00573770,0x0050FCE3,REF-001; target string + decoded immediate + attested Ghidra xref
0x005108D0,game/smallscore.cpp,57,SmallScoreInf,0x00573998,0x005108D4,REF-001; target string + decoded immediate + attested Ghidra xref
0x005115C0,game/stageclear.cpp,89,StageClearInf,0x00573F08,0x005115DB,REF-001; target string + decoded immediate + attested Ghidra xref
0x00512F60,game/stoneenemy.cpp,76,StoneEnemyInf,0x00574240,0x00512F69,REF-001; target string + decoded immediate + attested Ghidra xref
0x00514240,game/stoneenemy.cpp,67,StoneEnemyCtrlInf,0x005741F0,0x00514243,REF-001; target string + decoded immediate + attested Ghidra xref
0x0051CC20,game/stonemenu.cpp,302,StoneMenuInf,0x00574E80,0x0051CC24,REF-001; target string + decoded immediate + attested Ghidra xref
0x0052C030,game/title.cpp,5302,RenderMeshInf,0x00575610,0x0052C0AE,REF-001; target string + decoded immediate + attested Ghidra xref
0x0052CFE0,game/title.cpp,219,TitleInf,0x00575018,0x0052CFF0,REF-001; target string + decoded immediate + attested Ghidra xref
0x0052E210,game/trophy.cpp,92,TrophyMsgInf,0x00575720,0x0052E270,REF-001; target string + decoded immediate + attested Ghidra xref
0x0052F900,game/trophy.cpp,181,TrophyInf,0x00575770,0x0052F94D,REF-001; target string + decoded immediate + attested Ghidra xref
0x005305F0,game/weaponblue.cpp,39,StoneBlueReimuInf,0x00575908,0x005305F3,REF-001; target string + decoded immediate + attested Ghidra xref
0x00530AE0,game/weaponblue2.cpp,51,StoneBlueReimu2Inf,0x005759D0,0x00530AE3,REF-001; target string + decoded immediate + attested Ghidra xref
0x00530C90,game/weaponblue2_m.cpp,52,StoneBlueMarisa2Inf,0x00575AA0,0x00530C93,REF-001; target string + decoded immediate + attested Ghidra xref
0x00531030,game/weaponblue_m.cpp,39,StoneBlueMarisaInf,0x00575B70,0x00531033,REF-001; target string + decoded immediate + attested Ghidra xref
0x00531580,game/weapongreen.cpp,59,StoneGreenReimuInf,0x00575C40,0x00531583,REF-001; target string + decoded immediate + attested Ghidra xref
0x00531BF0,game/weapongreen2.cpp,73,StoneGreenReimu2Inf,0x00575D08,0x00531BF3,REF-001; target string + decoded immediate + attested Ghidra xref
0x005321C0,game/weapongreen2_m.cpp,72,StoneGreenMarisa2Inf,0x00575DD8,0x005321C3,REF-001; target string + decoded immediate + attested Ghidra xref
0x00532310,game/weapongreen_m.cpp,59,StoneGreenMarisaInf,0x00575EA8,0x00532313,REF-001; target string + decoded immediate + attested Ghidra xref
0x00532460,game/weaponred.cpp,42,StoneRedReimuInf,0x00575F78,0x00532463,REF-001; target string + decoded immediate + attested Ghidra xref
0x00532560,game/weaponred2.cpp,35,StoneRedReimu2Inf,0x00576040,0x00532563,REF-001; target string + decoded immediate + attested Ghidra xref
0x00532630,game/weaponred2_m.cpp,36,StoneRedMarisa2Inf,0x00576108,0x00532633,REF-001; target string + decoded immediate + attested Ghidra xref
0x00532700,game/weaponred_m.cpp,37,StoneRedMarisaInf,0x005761D8,0x00532703,REF-001; target string + decoded immediate + attested Ghidra xref
0x005348D0,game/weaponstone.cpp,482,RenderMeshInf,0x005762D0,0x0053490C,REF-001; target string + decoded immediate + attested Ghidra xref
0x00534AB0,game/weaponstone.cpp,652,RenderMeshInf,0x00576318,0x00534B48,REF-001; target string + decoded immediate + attested Ghidra xref
0x00534DD0,game/weaponstone.cpp,256,WeaponStoneInf,0x00576278,0x00534DD4,REF-001; target string + decoded immediate + attested Ghidra xref
0x005357F0,game/weaponyellow.cpp,71,StoneYellowReimuInf,0x005763E0,0x005357F3,REF-001; target string + decoded immediate + attested Ghidra xref
0x00536D50,game/weaponyellow2.cpp,81,StoneYellowReimu2Inf,0x005764B0,0x00536D53,REF-001; target string + decoded immediate + attested Ghidra xref
0x005381B0,game/weaponyellow2_m.cpp,81,StoneYellowMarisa2Inf,0x005765D0,0x005381B3,REF-001; target string + decoded immediate + attested Ghidra xref
0x005389B0,game/weaponyellow_m.cpp,72,StoneYellowMarisaInf,0x005766F8,0x005389B3,REF-001; target string + decoded immediate + attested Ghidra xref
0x00538AF0,pack/File.cpp,162,void,0x00576798,0x00538B2B,REF-001; target string + decoded immediate + attested Ghidra xref
0x005391F0,pack/LzssUtil.cpp,202,BYTE,0x00576828,0x0053920D,REF-001; target string + decoded immediate + attested Ghidra xref
0x00539550,pack/LzssUtil.cpp,57,BYTE,0x005767EC,0x00539572,REF-001; target string + decoded immediate + attested Ghidra xref
0x00539E60,pack/_ArcMngr.cpp,422,char,0x005769E4,0x00539E7B,REF-001; target string + decoded immediate + attested Ghidra xref
0x00539ED0,pack/_ArcMngr.cpp,344,void,0x00576960,0x0053A006,REF-001; target string + decoded immediate + attested Ghidra xref
0x0053A210,pack/_ArcMngr.cpp,385,ARCFILE_INFO,0x005769A0,0x0053A231,REF-001; target string + decoded immediate + attested Ghidra xref
0x0053A3C0,pack/_ArcMngr.cpp,173,BYTE,0x00576910,0x0053A43C,REF-001; target string + decoded immediate + attested Ghidra xref
0x0053A6F0,pack/_ArcMngr.cpp,78,File,0x005768A0,0x0053A74B,REF-001; target string + decoded immediate + attested Ghidra xref
0x0053E390,script/sptcmd.cpp,1013,SptBaseInf,0x00576A40,0x0053E399,REF-001; target string + decoded immediate + attested Ghidra xref
0x0053E390,script/sptcmd.cpp,1014,LinkInf<SptBaseInf*>,0x00576A88,0x0053E3AC,REF-001; target string + decoded immediate + attested Ghidra xref
